<?xml version="1.0" encoding="UTF-8"?>
<project-private xmlns="http://www.netbeans.org/ns/project-private/1">
    <editor-bookmarks xmlns="http://www.netbeans.org/ns/editor-bookmarks/2" lastBookmarkId="1">
        <file>
            <url>src/JavaTrivago/Vieve.java</url>
            <bookmark id="1">
                <name/>
                <line>271</line>
                <key/>
            </bookmark>
        </file>
    </editor-bookmarks>
    <open-files xmlns="http://www.netbeans.org/ns/projectui-open-files/2">
        <group>
            <file>file:/C:/Users/belbel/Documents/NetBeansProjects/Java_Trivago/src/JavaTrivago/HotelHarts.java</file>
            <file>file:/C:/Users/belbel/Documents/NetBeansProjects/Java_Trivago/src/JavaTrivago/Vieve.java</file>
            <file>file:/C:/Users/belbel/Documents/NetBeansProjects/Java_Trivago/src/JavaTrivago/CherryBlossoms.java</file>
            <file>file:/C:/Users/belbel/Documents/NetBeansProjects/Java_Trivago/src/JavaTrivago/ACLsuites.java</file>
        </group>
    </open-files>
</project-private>
